id,org_id_type,value
88818317,iwt_id,530552.0
65431910,iwt_id,1050507.0
08630352,iwt_id,1198339.0
77123411,iwt_id,830095.0
89544915,iwt_id,1207521.0
60660097,iwt_id,529366.0
75949116,iwt_id,937178.0
85238907,iwt_id,818679.0
40333772,iwt_id,1334796.0
39959772,iwt_id,1576322.0
14232492,iwt_id,817982.0
69486787,iwt_id,1408086.0
86488736,iwt_id,817949.0
05343141,iwt_id,776106.0
11533440,iwt_id,923345.0
70650427,iwt_id,776765.0
53258020,iwt_id,843691.0
23438479,iwt_id,834611.0
84294557,iwt_id,1351661.0
59797967,iwt_id,1076678.0
14696554,iwt_id,1206273.0
99126548,iwt_id,1205611.0
39596239,iwt_id,937046.0
24143927,iwt_id,1051960.0
00943962,iwt_id,1399622.0
98846897,iwt_id,1396577.0
56073068,iwt_id,1122410.0
59880995,iwt_id,820028.0
10616631,iwt_id,1078967.0
73601209,iwt_id,923497.0
33101650,iwt_id,923330.0
68394565,iwt_id,1322590.0
40553326,iwt_id,1200379.0
16043937,iwt_id,1437408.0
21429674,iwt_id,1165475.0
57016852,iwt_id,1351662.0
84909391,iwt_id,1165482.0
75831139,iwt_id,1076613.0
78841595,iwt_id,819666.0
09412421,iwt_id,1437366.0
43296697,iwt_id,1198353.0
32568052,iwt_id,1169471.0
79326589,iwt_id,1164252.0
92055953,iwt_id,936062.0
65604938,iwt_id,1351671.0
47479266,iwt_id,1409162.0
29028936,iwt_id,1585991.0
54413222,iwt_id,923498.0
97109359,iwt_id,923883.0
28880331,iwt_id,1169643.0
36284059,iwt_id,844750.0
98529653,iwt_id,530553.0
75358299,iwt_id,923332.0
40005410,iwt_id,923335.0
92810008,iwt_id,776732.0
91690478,iwt_id,923495.0
20698722,iwt_id,843557.0
98845779,iwt_id,1589294.0
50167214,iwt_id,529331.0
24252232,iwt_id,1351668.0
24542204,iwt_id,818180.0
74443723,iwt_id,923487.0
41167500,iwt_id,1076676.0
45080257,iwt_id,923493.0
28875623,iwt_id,1578513.0
73617197,iwt_id,1409639.0
68633610,iwt_id,923339.0
60173336,iwt_id,1200826.0
55262123,iwt_id,1166233.0
75717149,iwt_id,1488158.0
80444651,iwt_id,1205034.0
27595491,iwt_id,842633.0
21152273,iwt_id,1076658.0
36344329,iwt_id,769175.0
06419830,iwt_id,576026.0
11528887,iwt_id,1416269.0
75336472,iwt_id,1416269.0
55367046,iwt_id,923890.0
96168795,iwt_id,566301.0
85444550,iwt_id,1198581.0
19616971,iwt_id,530548.0
67192487,iwt_id,923450.0
96160346,iwt_id,1196314.0
93861421,iwt_id,837486.0
04430726,iwt_id,1398810.0
12603400,iwt_id,1076659.0
81162273,iwt_id,1210135.0
97551936,iwt_id,1198791.0
48846458,iwt_id,1351664.0
54557823,iwt_id,1198918.0
36327292,iwt_id,937179.0
05067286,iwt_id,1162812.0
90629022,iwt_id,1198522.0
78499539,iwt_id,923907.0
11717380,iwt_id,923341.0
80248386,iwt_id,1196285.0
23842828,iwt_id,923898.0
60622915,iwt_id,527155.0
73835587,iwt_id,820787.0
03039295,iwt_id,1203243.0
34017441,iwt_id,923338.0
92518375,iwt_id,1171826.0
72623575,iwt_id,1396558.0
16800894,iwt_id,1351674.0
48192898,iwt_id,923894.0
19527264,iwt_id,1177773.0
91387733,iwt_id,532107.0
84125951,iwt_id,923893.0
29456469,iwt_id,1351672.0
83915276,iwt_id,1502040.0
79250824,iwt_id,1171423.0
71293474,iwt_id,1392368.0
96833598,iwt_id,1200835.0
69721950,iwt_id,923342.0
44234861,iwt_id,1167179.0
35176046,iwt_id,1165941.0
16568186,iwt_id,1411927.0
89507006,iwt_id,1166942.0
65033232,iwt_id,1206477.0
05977818,iwt_id,1163257.0
63057993,iwt_id,923895.0
25119414,iwt_id,1050508.0
19695418,iwt_id,1322591.0
72307947,iwt_id,1206272.0
76580663,iwt_id,1205619.0
00042991,iwt_id,1322552.0
99031284,iwt_id,1196310.0
73264264,iwt_id,923492.0
62073302,iwt_id,1351675.0
26885604,iwt_id,1205855.0
75327739,iwt_id,1122419.0
32235798,iwt_id,814748.0
74882415,iwt_id,1351673.0
57884471,iwt_id,1488154.0
90684371,iwt_id,923348.0
36524688,iwt_id,923902.0
62247017,iwt_id,845736.0
13046910,iwt_id,818279.0
14165499,iwt_id,527167.0
46999676,iwt_id,1166082.0
94287722,iwt_id,776243.0
73194811,iwt_id,923485.0
50150236,iwt_id,1197966.0
97781237,iwt_id,815310.0
62627001,iwt_id,1351663.0
57947842,iwt_id,820127.0
87882335,iwt_id,776105.0
63519981,iwt_id,923901.0
66980491,iwt_id,1076672.0
28996492,iwt_id,999807.0
21849409,iwt_id,923494.0
02655164,iwt_id,815441.0
58681692,iwt_id,1076612.0
23112878,iwt_id,1404079.0
36008738,iwt_id,903847.0
26963665,iwt_id,1322554.0
92711180,iwt_id,1202115.0
61318893,iwt_id,532103.0
80534142,iwt_id,791459.0
51286019,iwt_id,835109.0
40196289,iwt_id,817916.0
45785497,iwt_id,1180446.0
54663624,iwt_id,769117.0
89533256,iwt_id,1169354.0
89140810,iwt_id,1203723.0
97846374,iwt_id,1576025.0
30266580,iwt_id,1416230.0
61959718,iwt_id,1397983.0
65580515,iwt_id,1202030.0
75639112,iwt_id,1289261.0
71848367,iwt_id,1322560.0
08520927,iwt_id,1322555.0
42445693,iwt_id,820094.0
41152679,iwt_id,999817.0
53672750,iwt_id,576093.0
53217856,iwt_id,1176483.0
54317252,iwt_id,1181562.0
38098774,iwt_id,847319.0
62321991,iwt_id,1169635.0
43182156,iwt_id,822932.0
11257516,iwt_id,1199256.0
59942439,iwt_id,1050501.0
38145952,iwt_id,775158.0
34889356,iwt_id,1103762.0
21360376,iwt_id,1598005.0
96008259,iwt_id,1165485.0
74034832,iwt_id,1598047.0
98654914,iwt_id,1111071.0
58714078,iwt_id,1050467.0
78185961,iwt_id,1337275.0
19192008,iwt_id,1598039.0
51298927,iwt_id,566407.0
85961545,iwt_id,1638131.0
41809915,iwt_id,776685.0
02059904,iwt_id,775612.0
58762792,iwt_id,1111072.0
83709287,iwt_id,1289263.0
81174835,iwt_id,1399573.0
76980152,iwt_id,1277959.0
71658838,iwt_id,1247163.0
59731751,iwt_id,776575.0
18409167,iwt_id,1247162.0
67008477,iwt_id,1247148.0
45073284,iwt_id,1247178.0
37416993,iwt_id,1602528.0
75102546,iwt_id,1304751.0
11870940,iwt_id,1111076.0
97379252,iwt_id,1551869.0
91467606,iwt_id,1122457.0
31323648,iwt_id,1598008.0
69171868,iwt_id,1277951.0
48213803,iwt_id,1122475.0
13960522,iwt_id,1363410.0
94644221,iwt_id,566295.0
89706714,iwt_id,937049.0
65292459,iwt_id,1338967.0
58094555,iwt_id,1196307.0
54346053,iwt_id,1360942.0
90257681,iwt_id,1488163.0
33783256,iwt_id,1507904.0
48977350,iwt_id,1277949.0
54434502,iwt_id,999813.0
14870722,iwt_id,937115.0
85961444,iwt_id,1339401.0
63869666,iwt_id,1488166.0
14535066,iwt_id,1165472.0
31233286,iwt_id,1180461.0
01167375,iwt_id,1113124.0
39069001,iwt_id,1195123.0
97231571,iwt_id,1277962.0
70798090,iwt_id,775164.0
31079031,iwt_id,1488192.0
51689947,iwt_id,769113.0
19218416,iwt_id,1111075.0
74567227,iwt_id,1224081.0
81939099,iwt_id,1437410.0
16713867,iwt_id,1122421.0
76616405,iwt_id,1598004.0
59272471,iwt_id,1598038.0
81888851,iwt_id,776263.0
11087741,iwt_id,1122461.0
79740806,iwt_id,1177658.0
45753406,iwt_id,776686.0
59430761,iwt_id,776252.0
09543305,iwt_id,1488167.0
93501706,iwt_id,1122412.0
57755932,iwt_id,776242.0
78169757,iwt_id,1069709.0
74974757,iwt_id,776602.0
56317580,iwt_id,1216649.0
63952752,iwt_id,1076611.0
37215911,iwt_id,1113114.0
72493192,iwt_id,1205557.0
98944770,iwt_id,1502038.0
36179138,iwt_id,776239.0
76752931,iwt_id,1196302.0
50794401,iwt_id,1113099.0
12203587,iwt_id,1122456.0
31941769,iwt_id,1488172.0
74455957,iwt_id,1304753.0
18917473,iwt_id,1598048.0
62007341,iwt_id,937047.0
09486251,iwt_id,1137410.0
06501766,iwt_id,1385556.0
69866653,iwt_id,776174.0
56292831,iwt_id,775159.0
48841889,iwt_id,775155.0
75470035,iwt_id,1488135.0
01655584,iwt_id,1488134.0
85827420,iwt_id,1289260.0
44306610,iwt_id,1565550.0
09522098,iwt_id,1113106.0
16979282,iwt_id,1176471.0
64888094,iwt_id,1165565.0
02823070,iwt_id,1247118.0
18884372,iwt_id,1488149.0
05046981,iwt_id,1122389.0
04975263,iwt_id,1399588.0
34629735,iwt_id,776008.0
30485940,iwt_id,1525270.0
29407200,iwt_id,1122422.0
77715035,iwt_id,776009.0
34781849,iwt_id,776018.0
55603084,iwt_id,1196303.0
06084827,iwt_id,1122471.0
57014723,iwt_id,1338689.0
14737477,iwt_id,1137408.0
30662131,iwt_id,1437356.0
16938788,iwt_id,1122390.0
84027006,iwt_id,1050504.0
02167208,iwt_id,1113121.0
16539237,iwt_id,1488142.0
99638838,iwt_id,566390.0
37985016,iwt_id,923886.0
44916443,iwt_id,776676.0
84891267,iwt_id,1113111.0
86414406,iwt_id,776675.0
87147327,iwt_id,1113119.0
52891139,iwt_id,776682.0
69915945,iwt_id,776244.0
58536300,iwt_id,1050237.0
30611851,iwt_id,830753.0
40107709,iwt_id,775154.0
08605185,iwt_id,1247167.0
16077000,iwt_id,1598007.0
59324226,iwt_id,566392.0
19587051,iwt_id,1488179.0
75499637,iwt_id,776172.0
83157059,iwt_id,1322553.0
70426835,iwt_id,1322564.0
82299484,iwt_id,1505975.0
87890370,iwt_id,1247197.0
20729346,iwt_id,1437352.0
74705595,iwt_id,769209.0
72868913,iwt_id,1113107.0
44252210,iwt_id,1247132.0
43735230,iwt_id,566394.0
99103746,iwt_id,1247117.0
18782480,iwt_id,776253.0
63643691,iwt_id,1488181.0
57397485,iwt_id,1122433.0
82456429,iwt_id,1399584.0
70892929,iwt_id,1199509.0
46916197,iwt_id,776262.0
38142077,iwt_id,1122472.0
19150699,iwt_id,1137404.0
73253030,iwt_id,1553388.0
85623466,iwt_id,776666.0
72940190,iwt_id,1488178.0
65156195,iwt_id,1196299.0
76030080,iwt_id,1416426.0
31522723,iwt_id,1322565.0
15231585,iwt_id,1076674.0
92314479,iwt_id,791650.0
32544189,iwt_id,1200984.0
43297796,iwt_id,566391.0
20748255,iwt_id,1196293.0
57514353,iwt_id,1277958.0
40161242,iwt_id,1137411.0
43310144,iwt_id,1122473.0
41988053,iwt_id,1399585.0
35830525,iwt_id,1176427.0
91587379,iwt_id,1598040.0
02971652,iwt_id,1113102.0
97956203,iwt_id,1122431.0
99895113,iwt_id,1573703.0
70900725,iwt_id,1598042.0
71287148,iwt_id,1437351.0
18059611,iwt_id,1137416.0
87416645,iwt_id,1076680.0
78843823,iwt_id,566412.0
69021180,iwt_id,1505042.0
21010680,iwt_id,1385631.0
59299410,iwt_id,1505044.0
08751558,iwt_id,566408.0
70019741,iwt_id,566411.0
99297914,iwt_id,1206458.0
15963294,iwt_id,1434167.0
66565849,iwt_id,1168159.0
74885650,iwt_id,1168146.0
22180577,iwt_id,1113091.0
47449319,iwt_id,1113095.0
76253270,iwt_id,1277961.0
24408697,iwt_id,1076619.0
43097581,iwt_id,1122487.0
55983466,iwt_id,1437570.0
08745595,iwt_id,1363406.0
73949299,iwt_id,1525255.0
03910719,iwt_id,776674.0
46988113,iwt_id,1598044.0
21215454,iwt_id,1122423.0
79503383,iwt_id,1399590.0
70676984,iwt_id,1113110.0
47968489,iwt_id,1000711.0
16944466,iwt_id,1399591.0
38927906,iwt_id,776246.0
32221875,iwt_id,924051.0
19013708,iwt_id,1195101.0
14574612,iwt_id,1488132.0
82276877,iwt_id,1542069.0
46347384,iwt_id,1076609.0
89052632,iwt_id,1196284.0
09860224,iwt_id,776209.0
75177102,iwt_id,1212625.0
18856477,iwt_id,1203224.0
45503302,iwt_id,1437353.0
21260203,iwt_id,1247199.0
86502767,iwt_id,1017464.0
13175646,iwt_id,1222601.0
59493655,iwt_id,1435891.0
58988570,iwt_id,1180456.0
65012648,iwt_id,1488126.0
47744565,iwt_id,1176372.0
03080430,iwt_id,1050302.0
96241254,iwt_id,1122438.0
69031440,iwt_id,1304755.0
06483040,iwt_id,936102.0
24265664,iwt_id,1113125.0
80174234,iwt_id,1122465.0
72359606,iwt_id,1165478.0
79386129,iwt_id,1380239.0
72592798,iwt_id,1437567.0
37705345,iwt_id,1017463.0
70799385,iwt_id,1113100.0
82868076,iwt_id,1169378.0
48274219,iwt_id,1122464.0
10890753,iwt_id,1488195.0
35216126,iwt_id,1111079.0
06024435,iwt_id,1399582.0
79237385,iwt_id,776256.0
46921421,iwt_id,1122409.0
59075438,iwt_id,775169.0
62707944,iwt_id,1488127.0
01559221,iwt_id,923888.0
77240785,iwt_id,1069735.0
54644286,iwt_id,1065416.0
26205681,iwt_id,1638133.0
25139559,iwt_id,1322567.0
65943292,iwt_id,1113098.0
34276054,iwt_id,1122454.0
64199512,iwt_id,1165480.0
13465622,iwt_id,1247184.0
25599500,iwt_id,1247122.0
54916908,iwt_id,1247150.0
52515110,iwt_id,775153.0
51650944,iwt_id,776683.0
14546735,iwt_id,776139.0
30581350,iwt_id,1017461.0
41591600,iwt_id,1600743.0
86382165,iwt_id,1507899.0
82937691,iwt_id,566303.0
47032286,iwt_id,936097.0
23309628,iwt_id,1202340.0
41007689,iwt_id,1122467.0
14899400,iwt_id,1216650.0
58621384,iwt_id,1247125.0
33661779,iwt_id,937050.0
11558937,iwt_id,775170.0
36462000,iwt_id,1122470.0
53934652,iwt_id,936101.0
96968785,iwt_id,1247116.0
46249014,iwt_id,1488170.0
65663225,iwt_id,1196294.0
40473880,iwt_id,1103795.0
16635681,iwt_id,1557058.0
42882002,iwt_id,1509076.0
51849126,iwt_id,1206563.0
74772506,iwt_id,936058.0
51118984,iwt_id,1113094.0
50089066,iwt_id,566305.0
90490947,iwt_id,1137414.0
94777016,iwt_id,1017451.0
08198550,iwt_id,1247143.0
51603796,iwt_id,1488138.0
55867141,iwt_id,1069739.0
91847292,iwt_id,1543327.0
64712899,iwt_id,1552100.0
38328276,iwt_id,791454.0
12929318,iwt_id,1247177.0
63040065,iwt_id,776680.0
59887751,iwt_id,1180462.0
03635169,iwt_id,1488190.0
17474675,iwt_id,1525257.0
30891673,iwt_id,776210.0
42274416,iwt_id,1247195.0
31261684,iwt_id,1399592.0
18185683,iwt_id,856823.0
31379031,iwt_id,1488137.0
34514938,iwt_id,1196298.0
49375338,iwt_id,1405811.0
00981862,iwt_id,1137409.0
46927694,iwt_id,566393.0
82345189,iwt_id,1180458.0
56934064,iwt_id,1180455.0
75124040,iwt_id,1122483.0
25202257,iwt_id,1206435.0
40265058,iwt_id,1360948.0
92456539,iwt_id,1180465.0
62636290,iwt_id,1247123.0
80708256,iwt_id,1137412.0
99056037,iwt_id,1206478.0
59752298,iwt_id,1525258.0
66754937,iwt_id,936063.0
04467418,iwt_id,1137406.0
17011642,iwt_id,566406.0
03711591,iwt_id,1247193.0
76746537,iwt_id,1076620.0
45492656,iwt_id,1122405.0
06272747,iwt_id,1488173.0
04017477,iwt_id,1247171.0
01183950,iwt_id,1247127.0
62079326,iwt_id,1208568.0
75521394,iwt_id,1165484.0
77777423,iwt_id,775160.0
87112813,iwt_id,1196313.0
56711178,iwt_id,776677.0
01711166,iwt_id,1399581.0
36214101,iwt_id,1488147.0
90230908,iwt_id,1196286.0
68746773,iwt_id,1196304.0
08821130,iwt_id,776107.0
80673828,iwt_id,1176472.0
82254609,iwt_id,1122437.0
15885984,iwt_id,1247170.0
12156313,iwt_id,1507898.0
32109989,iwt_id,1545863.0
75203127,iwt_id,1397496.0
29456233,iwt_id,1247146.0
99565477,iwt_id,776633.0
15540508,iwt_id,1525253.0
93679637,iwt_id,1488165.0
01380820,iwt_id,1304754.0
99778275,iwt_id,1277965.0
77601856,iwt_id,1525317.0
82298463,iwt_id,1597970.0
39323015,iwt_id,1169363.0
48460463,iwt_id,1247175.0
64873779,iwt_id,1247194.0
35448631,iwt_id,1247152.0
65823010,iwt_id,1514098.0
66987511,iwt_id,776020.0
98855531,iwt_id,1277950.0
57272061,iwt_id,1180463.0
73638946,iwt_id,1525272.0
48328217,iwt_id,791453.0
46182091,iwt_id,1247176.0
16613194,iwt_id,776016.0
93593574,iwt_id,1087576.0
57508909,iwt_id,776011.0
38231467,iwt_id,923889.0
23781171,iwt_id,1213112.0
58614584,iwt_id,1360940.0
33711774,iwt_id,1170707.0
43726720,iwt_id,937048.0
44584575,iwt_id,776603.0
87608661,iwt_id,1525271.0
78516750,iwt_id,1122462.0
80182334,iwt_id,1380909.0
11334217,iwt_id,1598009.0
68113498,iwt_id,1176462.0
50124720,iwt_id,1214818.0
40358945,iwt_id,1322562.0
88578483,iwt_id,936090.0
60436305,iwt_id,30676.0
15320355,iwt_id,923896.0
74686506,iwt_id,775161.0
40467045,iwt_id,1122420.0
89727407,iwt_id,1050303.0
94001941,iwt_id,936061.0
86356280,iwt_id,1176365.0
91842537,iwt_id,1176368.0
87982995,iwt_id,1111074.0
38146416,iwt_id,776140.0
46106695,iwt_id,1113108.0
94825802,iwt_id,1392033.0
54979993,iwt_id,936099.0
56059544,iwt_id,1122485.0
63024485,iwt_id,923857.0
69030567,iwt_id,923892.0
95236802,iwt_id,1399577.0
17004567,iwt_id,1196305.0
29617632,iwt_id,1304763.0
39768597,iwt_id,791616.0
10152674,iwt_id,791714.0
26639766,iwt_id,1196300.0
69534300,iwt_id,937113.0
17187491,iwt_id,1247155.0
62775070,iwt_id,1247182.0
86197539,iwt_id,1247157.0
79671870,iwt_id,1417823.0
44164529,iwt_id,1122397.0
27998416,iwt_id,1540490.0
69131733,iwt_id,1122411.0
76369005,iwt_id,776250.0
54776698,iwt_id,1076677.0
76877411,iwt_id,1196312.0
55077258,iwt_id,1196295.0
29586400,iwt_id,1170963.0
69895396,iwt_id,1502035.0
26333645,iwt_id,776240.0
50121532,iwt_id,1289266.0
64588741,iwt_id,1198906.0
23396211,iwt_id,1598036.0
36014552,iwt_id,1122391.0
88966142,iwt_id,1247190.0
04495161,iwt_id,1206490.0
02789053,iwt_id,1218411.0
36199320,iwt_id,1206491.0
31141893,iwt_id,1438209.0
33690071,iwt_id,1399587.0
13571330,iwt_id,1122480.0
34301829,iwt_id,1399579.0
99113079,iwt_id,1113123.0
61156065,iwt_id,1448341.0
85313575,iwt_id,923904.0
66682062,iwt_id,1122476.0
50620398,iwt_id,1122484.0
14535523,iwt_id,1122481.0
69477790,iwt_id,776175.0
45339049,iwt_id,775162.0
43418114,iwt_id,776672.0
40230421,iwt_id,1502034.0
22219107,iwt_id,838673.0
16614221,iwt_id,1540516.0
88091238,iwt_id,1350173.0
62507245,iwt_id,1438249.0
78497856,iwt_id,1385622.0
00541450,iwt_id,566402.0
87170425,iwt_id,566297.0
72684735,iwt_id,776600.0
74963559,iwt_id,1616846.0
90416474,iwt_id,1514995.0
20066343,iwt_id,1206482.0
21534854,iwt_id,1474162.0
74318673,iwt_id,1505974.0
16227316,iwt_id,1247145.0
15496093,iwt_id,936098.0
90449743,iwt_id,1076663.0
75047304,iwt_id,1488128.0
08835930,iwt_id,1222638.0
07740800,iwt_id,1436047.0
13576951,iwt_id,1435842.0
85492671,iwt_id,1207245.0
93931583,iwt_id,1385584.0
14158081,iwt_id,1247180.0
34879225,iwt_id,1247185.0
60072016,iwt_id,1137417.0
60073823,iwt_id,1508840.0
49053408,iwt_id,1475389.0
54425931,iwt_id,1247133.0
02134843,iwt_id,1247131.0
13235083,iwt_id,1247149.0
04750086,iwt_id,776241.0
17725681,iwt_id,1176369.0
22547315,iwt_id,1184305.0
63753944,iwt_id,1122404.0
27375979,iwt_id,1488153.0
75501545,iwt_id,1488144.0
89700935,iwt_id,1113088.0
53070628,iwt_id,1171845.0
14220873,iwt_id,1196311.0
89324716,iwt_id,107339.0
09880825,iwt_id,1122441.0
89189424,iwt_id,776012.0
01096787,iwt_id,1195601.0
37707460,iwt_id,1488120.0
24274558,iwt_id,923910.0
39497918,iwt_id,1050500.0
29135810,iwt_id,1543675.0
68524112,iwt_id,1113096.0
11578959,iwt_id,1137396.0
10612277,iwt_id,1488114.0
11528887,iwt_id,1416269.0
75336472,iwt_id,1416269.0
73239969,iwt_id,1400892.0
36394195,iwt_id,1514106.0
54937511,iwt_id,1113117.0
30255772,iwt_id,1289264.0
36817317,iwt_id,923859.0
22306367,iwt_id,1502303.0
47175951,iwt_id,1168121.0
19676721,iwt_id,776260.0
61394805,iwt_id,936093.0
23409020,iwt_id,1488131.0
76341542,iwt_id,923882.0
28505928,iwt_id,1196289.0
78513063,iwt_id,923906.0
06327661,iwt_id,1543648.0
67671309,iwt_id,1488118.0
54523050,iwt_id,1111080.0
17852201,iwt_id,1565964.0
96931985,iwt_id,1247153.0
58704117,iwt_id,923884.0
95837997,iwt_id,1247174.0
72309895,iwt_id,1488150.0
62601216,iwt_id,566409.0
44166134,iwt_id,1488148.0
50248258,iwt_id,1247186.0
09121296,iwt_id,1488169.0
20510588,iwt_id,1069708.0
71742844,iwt_id,1076697.0
66852335,iwt_id,1363407.0
00852445,iwt_id,1122460.0
15966159,iwt_id,1172122.0
52351707,iwt_id,1122415.0
77296355,iwt_id,924053.0
39839596,iwt_id,791484.0
94979033,iwt_id,1069710.0
30565371,iwt_id,1208831.0
21747369,iwt_id,1474032.0
84772384,iwt_id,1076696.0
73214040,iwt_id,775150.0
39270205,iwt_id,1076618.0
63045318,iwt_id,1417289.0
61740334,iwt_id,776237.0
95011460,iwt_id,1488159.0
12968249,iwt_id,1213702.0
33058205,iwt_id,1122401.0
02740278,iwt_id,1137413.0
35283514,iwt_id,1195100.0
74929767,iwt_id,1525254.0
08573718,iwt_id,776041.0
45049564,iwt_id,1247128.0
35741344,iwt_id,1247183.0
48192302,iwt_id,1515108.0
86179366,iwt_id,1113120.0
30935698,iwt_id,1122426.0
65982804,iwt_id,1122436.0
89586932,iwt_id,923911.0
83509025,iwt_id,566293.0
55067375,iwt_id,1488130.0
22620893,iwt_id,923891.0
39187963,iwt_id,923909.0
69842451,iwt_id,776259.0
60389158,iwt_id,1502039.0
91739840,iwt_id,776261.0
77943824,iwt_id,1113122.0
62889863,iwt_id,1488180.0
77225564,iwt_id,1113093.0
06143399,iwt_id,1247156.0
75150715,iwt_id,775151.0
27066237,iwt_id,1076607.0
83028245,iwt_id,1627241.0
73945616,iwt_id,1137560.0
69839951,iwt_id,566401.0
57246571,iwt_id,1076610.0
85436647,iwt_id,1525268.0
01531516,iwt_id,529958.0
12418970,iwt_id,1247181.0
05562685,iwt_id,1122432.0
62578709,iwt_id,1122477.0
86668965,iwt_id,776687.0
66270307,iwt_id,1400883.0
19745407,iwt_id,1224909.0
21983246,iwt_id,1277945.0
37961933,iwt_id,1488188.0
88020689,iwt_id,791617.0
15760403,iwt_id,1247126.0
10553144,iwt_id,1137422.0
63560440,iwt_id,769119.0
24836183,iwt_id,1113097.0
48092795,iwt_id,1168151.0
37890994,iwt_id,1169313.0
87028545,iwt_id,1247138.0
16827611,iwt_id,1488123.0
52138007,iwt_id,776206.0
21614243,iwt_id,1221689.0
28014798,iwt_id,1215104.0
97946835,iwt_id,1017459.0
72611456,iwt_id,923349.0
69072202,iwt_id,1438222.0
57538404,iwt_id,1247119.0
46946765,iwt_id,923905.0
44596412,iwt_id,1122429.0
08938408,iwt_id,1598037.0
41321492,iwt_id,1176453.0
83879064,iwt_id,1195095.0
56087503,iwt_id,1176452.0
81808037,iwt_id,776249.0
97143295,iwt_id,1050269.0
12100686,iwt_id,1196292.0
23101135,iwt_id,1525251.0
85728513,iwt_id,1176463.0
78474703,iwt_id,1543664.0
70882170,iwt_id,1488168.0
93746852,iwt_id,1488124.0
74825988,iwt_id,776211.0
02501320,iwt_id,1247136.0
17547099,iwt_id,1247115.0
00703419,iwt_id,1400893.0
42458385,iwt_id,1050502.0
33406556,iwt_id,1205039.0
09502740,iwt_id,1488133.0
24127633,iwt_id,1514776.0
30723489,iwt_id,1399583.0
08107327,iwt_id,1502304.0
13329972,iwt_id,1277941.0
18176659,iwt_id,776019.0
36028494,iwt_id,775152.0
55680403,iwt_id,1247134.0
28328513,iwt_id,1166832.0
79694901,iwt_id,1507908.0
12192496,iwt_id,1069707.0
07814360,iwt_id,1122427.0
39679922,iwt_id,1543651.0
23212043,iwt_id,1122466.0
05102070,iwt_id,1137398.0
95086771,iwt_id,1113113.0
05690346,iwt_id,1434327.0
14864742,iwt_id,776254.0
06710624,iwt_id,1277939.0
93878943,iwt_id,1122403.0
63860047,iwt_id,1180457.0
89140073,iwt_id,1196288.0
31043972,iwt_id,1165931.0
47533652,iwt_id,776238.0
57907347,iwt_id,1180452.0
38893435,iwt_id,1113090.0
69721920,iwt_id,1488115.0
86335319,iwt_id,1122479.0
02535229,iwt_id,776671.0
38060880,iwt_id,1122434.0
25947485,iwt_id,1349792.0
93394607,iwt_id,776571.0
66845704,iwt_id,923899.0
30012716,iwt_id,1247187.0
05892651,iwt_id,1113085.0
30389870,iwt_id,1329185.0
79343173,iwt_id,776017.0
04536442,iwt_id,1196308.0
62071858,iwt_id,1166917.0
11168945,iwt_id,1289259.0
84533448,iwt_id,923900.0
10637950,iwt_id,1166237.0
30084299,iwt_id,1122407.0
34930796,iwt_id,1166827.0
95525016,iwt_id,1180460.0
66849365,iwt_id,1165476.0
70490162,iwt_id,1399586.0
52937179,iwt_id,1087577.0
71507424,iwt_id,791455.0
95009337,iwt_id,776006.0
44496474,iwt_id,1176470.0
01503662,iwt_id,1122442.0
07869492,iwt_id,1543653.0
93854137,iwt_id,1488116.0
73055895,iwt_id,1399580.0
52662297,iwt_id,1165469.0
17363232,iwt_id,1218140.0
71565667,iwt_id,1168145.0
90555556,iwt_id,999815.0
34435099,iwt_id,1166921.0
67013800,iwt_id,1218141.0
25002603,iwt_id,1598003.0
44969035,iwt_id,597678.0
52193154,iwt_id,1277953.0
39244587,iwt_id,1277952.0
20592963,iwt_id,566404.0
01340048,iwt_id,1247147.0
61889479,iwt_id,1247154.0
89110026,iwt_id,1277946.0
94574129,iwt_id,1137415.0
68799593,iwt_id,1247129.0
91545438,iwt_id,566400.0
71211440,iwt_id,776248.0
17627689,iwt_id,1488187.0
82010926,iwt_id,1122468.0
07092497,iwt_id,1338877.0
35630074,iwt_id,1417824.0
18566974,iwt_id,1488155.0
10944421,iwt_id,1176468.0
45907177,iwt_id,566300.0
18526342,iwt_id,1598041.0
42734562,iwt_id,1113116.0
68987445,iwt_id,1488171.0
43629069,iwt_id,1525252.0
03338148,iwt_id,1076681.0
66925574,iwt_id,1598045.0
91822796,iwt_id,1304764.0
95241829,iwt_id,1113109.0
88234223,iwt_id,1122388.0
06459440,iwt_id,923887.0
21693600,iwt_id,1306332.0
65375948,iwt_id,1122400.0
70556958,iwt_id,1050503.0
37617298,iwt_id,936059.0
56259519,iwt_id,776177.0
17205947,iwt_id,1113103.0
87840743,iwt_id,1324930.0
60461851,iwt_id,1196296.0
50867953,iwt_id,1176473.0
14765232,iwt_id,1122398.0
75100998,iwt_id,1176457.0
94545779,iwt_id,1076683.0
55959312,iwt_id,1122399.0
65808458,iwt_id,936096.0
74969234,iwt_id,1399572.0
19029843,iwt_id,1065219.0
79038909,iwt_id,776570.0
17324408,iwt_id,775157.0
26951474,iwt_id,1277947.0
66929768,iwt_id,776604.0
94713877,iwt_id,776014.0
14716902,iwt_id,566413.0
35639562,iwt_id,1277955.0
17552161,iwt_id,1380240.0
45320538,iwt_id,1606324.0
62684396,iwt_id,1180459.0
80643147,iwt_id,1206567.0
10270012,iwt_id,776015.0
35146022,iwt_id,1396584.0
32138664,iwt_id,1488161.0
30255823,iwt_id,1196290.0
73160351,iwt_id,775149.0
69857161,iwt_id,1277940.0
87322491,iwt_id,1360943.0
12686989,iwt_id,1088557.0
89250557,iwt_id,1347244.0
73160050,iwt_id,1206467.0
85928172,iwt_id,924054.0
50925873,iwt_id,776138.0
32439811,iwt_id,1171678.0
69597245,iwt_id,1638132.0
38574070,iwt_id,1122482.0
76464927,iwt_id,1113089.0
88511206,iwt_id,1086827.0
31545182,iwt_id,1122439.0
96970536,iwt_id,1360946.0
09227463,iwt_id,1219525.0
60924485,iwt_id,1122488.0
93567055,iwt_id,1507935.0
81390483,iwt_id,1206570.0
22035931,iwt_id,566399.0
73227085,iwt_id,1223449.0
91618671,iwt_id,1166831.0
37325069,iwt_id,1122387.0
81219695,iwt_id,1165473.0
63511450,iwt_id,1122395.0
62510791,iwt_id,1508838.0
61661723,iwt_id,1122486.0
89034085,iwt_id,1113115.0
73587479,iwt_id,1122424.0
20109958,iwt_id,1546281.0
30668430,iwt_id,1069736.0
49151771,iwt_id,1167311.0
78742982,iwt_id,1502301.0
31378283,iwt_id,1168576.0
77754807,iwt_id,775167.0
56274144,iwt_id,1277967.0
83814259,iwt_id,775156.0
37130597,iwt_id,1277966.0
63912352,iwt_id,1122428.0
41108151,iwt_id,1122458.0
69254174,iwt_id,1400234.0
82018829,iwt_id,775166.0
68546099,iwt_id,1322561.0
73063011,iwt_id,1384384.0
18708083,iwt_id,1247135.0
79040209,iwt_id,1247151.0
43071789,iwt_id,1137419.0
80262199,iwt_id,776171.0
31106071,iwt_id,174196.0
11725832,iwt_id,1169644.0
39966046,iwt_id,1182249.0
16629001,iwt_id,1113092.0
53232874,iwt_id,1113104.0
40852901,iwt_id,1507909.0
43470409,iwt_id,1196301.0
57013578,iwt_id,1247130.0
72810221,iwt_id,1400891.0
70576678,iwt_id,1488162.0
77654056,iwt_id,1339382.0
43090047,iwt_id,1247120.0
13126011,iwt_id,1213120.0
44989652,iwt_id,1207620.0
75068904,iwt_id,1471907.0
79096735,iwt_id,1488160.0
72145865,iwt_id,1488157.0
30594025,iwt_id,1507900.0
60902910,iwt_id,1502033.0
91110969,iwt_id,1196306.0
37410976,iwt_id,776178.0
43272356,iwt_id,1277957.0
30574546,iwt_id,1247137.0
33471523,iwt_id,776010.0
30356223,iwt_id,1165477.0
08471550,iwt_id,791615.0
30821074,iwt_id,1502029.0
47646096,iwt_id,1170331.0
65677134,iwt_id,813428.0
31516566,iwt_id,1488152.0
78923127,iwt_id,923897.0
54643655,iwt_id,1247124.0
57054457,iwt_id,1069738.0
13666226,iwt_id,1488177.0
89348498,iwt_id,1176465.0
53844389,iwt_id,775115.0
93382707,iwt_id,1525266.0
39213774,iwt_id,1277963.0
90751301,iwt_id,775163.0
79147343,iwt_id,776204.0
75766864,iwt_id,566294.0
18340746,iwt_id,1113112.0
19280159,iwt_id,1122474.0
68489541,iwt_id,1399574.0
82365985,iwt_id,1289258.0
10398361,iwt_id,1488117.0
98681965,iwt_id,1176367.0
04345088,iwt_id,1122417.0
39634933,iwt_id,1289262.0
49527203,iwt_id,1488143.0
29718860,iwt_id,1122406.0
10583461,iwt_id,776670.0
99364498,iwt_id,1122416.0
92782569,iwt_id,1519364.0
00607644,iwt_id,1176481.0
70642047,iwt_id,1546264.0
62194961,iwt_id,936092.0
77619942,iwt_id,1189668.0
15061755,iwt_id,1502036.0
10492095,iwt_id,1210024.0
77486195,iwt_id,1434269.0
65308292,iwt_id,1488145.0
77580908,iwt_id,776245.0
07806556,iwt_id,1488121.0
08952859,iwt_id,1525267.0
71853069,iwt_id,1488122.0
76528460,iwt_id,776207.0
63187180,iwt_id,1405283.0
04087052,iwt_id,1488164.0
41962804,iwt_id,1122402.0
10804834,iwt_id,923908.0
59322293,iwt_id,1488151.0
31938232,iwt_id,936103.0
89367757,iwt_id,1638468.0
43438092,iwt_id,1122413.0
61054344,iwt_id,1502037.0
35301920,iwt_id,936057.0
00442414,iwt_id,924052.0
82015851,iwt_id,1122425.0
88233099,iwt_id,1399571.0
50133831,iwt_id,1122396.0
42515252,iwt_id,1196309.0
95554301,iwt_id,1393372.0
65605309,iwt_id,1598010.0
22188767,iwt_id,1087575.0
07938705,iwt_id,1289257.0
19491910,iwt_id,1113101.0
38993515,iwt_id,1448311.0
77056905,iwt_id,1195102.0
08640603,iwt_id,1137423.0
82987001,iwt_id,1247179.0
64059784,iwt_id,1180453.0
48004047,iwt_id,1183815.0
52817826,iwt_id,1390230.0
24291587,iwt_id,923350.0
65806844,iwt_id,769114.0
84427916,iwt_id,1277944.0
65795972,iwt_id,1069737.0
78054837,iwt_id,936095.0
97436075,iwt_id,1500082.0
16148601,iwt_id,1076669.0
77997212,iwt_id,151806.0
78195631,iwt_id,1350111.0
81961017,iwt_id,1207547.0
49094493,iwt_id,1488194.0
48118544,iwt_id,1122392.0
05749039,iwt_id,1488125.0
52476934,iwt_id,1122408.0
81384110,iwt_id,1122393.0
00096405,iwt_id,1505973.0
79430344,iwt_id,1438241.0
38307123,iwt_id,1076615.0
02760568,iwt_id,1301829.0
80209056,iwt_id,1277960.0
10734747,iwt_id,776681.0
05045027,iwt_id,923881.0
84391704,iwt_id,1342932.0
39905023,iwt_id,1342934.0
87228946,iwt_id,936060.0
76051873,iwt_id,566410.0
47307496,iwt_id,1437666.0
66131229,iwt_id,1488174.0
88601481,iwt_id,1438205.0
89577181,iwt_id,1214150.0
59520857,iwt_id,1180454.0
70655151,iwt_id,1122386.0
40915750,iwt_id,1488156.0
52356497,iwt_id,1196297.0
80418115,iwt_id,1076608.0
87252548,iwt_id,1277948.0
72370478,iwt_id,1505043.0
44360523,iwt_id,1180451.0
88393484,iwt_id,1165483.0
71751705,iwt_id,1324120.0
02286725,iwt_id,776251.0
62083137,iwt_id,776673.0
06970774,iwt_id,1541111.0
33375474,iwt_id,1168147.0
70855640,iwt_id,1180464.0
03081050,iwt_id,775168.0
99244520,iwt_id,576097.0
19105112,iwt_id,1170311.0
46021589,iwt_id,1210022.0
47639258,iwt_id,1166133.0
06618672,iwt_id,775148.0
55085672,iwt_id,776173.0
86904473,iwt_id,1122469.0
35161898,iwt_id,791485.0
58691639,iwt_id,1598046.0
14087437,iwt_id,1176467.0
22756643,iwt_id,1405412.0
86450941,iwt_id,776678.0
09479199,iwt_id,776669.0
17925948,iwt_id,1195125.0
91690478,iwt_alt_id,923495.0
91387733,iwt_alt_id,532107.0
91545438,iwt_alt_id,566400.0
99244520,iwt_alt_id,576097.0
88818317,pwa_sail_no,POL-111
65431910,pwa_sail_no,F-296
08630352,pwa_sail_no,E-95
77123411,pwa_sail_no,F-585
89544915,pwa_sail_no,E-59
60660097,pwa_sail_no,US-21
75949116,pwa_sail_no,E-19
85238907,pwa_sail_no,NC-21
40333772,pwa_sail_no,F-193
39959772,pwa_sail_no,G-6
14232492,pwa_sail_no,F-85
69486787,pwa_sail_no,F-7
86488736,pwa_sail_no,F-258
05343141,pwa_sail_no,FRA-126
11533440,pwa_sail_no,K-800
70650427,pwa_sail_no,KA-515
53258020,pwa_sail_no,US-1113
23438479,pwa_sail_no,ESP-11
84294557,pwa_sail_no,E-3
59797967,pwa_sail_no,KBA-8
14696554,pwa_sail_no,CHI-34
99126548,pwa_sail_no,GPE-8
39596239,pwa_sail_no,E-242
24143927,pwa_sail_no,G-118
00943962,pwa_sail_no,US-634
98846897,pwa_sail_no,C-16
56073068,pwa_sail_no,F-32
59880995,pwa_sail_no,F-351
10616631,pwa_sail_no,V-711
73601209,pwa_sail_no,NC-26
33101650,pwa_sail_no,E-64
68394565,pwa_sail_no,G-1181
40553326,pwa_sail_no,B-35
16043937,pwa_sail_no,ARG-170
21429674,pwa_sail_no,ISR-421
57016852,pwa_sail_no,G-1309
84909391,pwa_sail_no,ISR-22
75831139,pwa_sail_no,F-3003
78841595,pwa_sail_no,I-676
09412421,pwa_sail_no,CHI-17
43296697,pwa_sail_no,IR-7
32568052,pwa_sail_no,F-47
79326589,pwa_sail_no,A-211
92055953,pwa_sail_no,NC-81
65604938,pwa_sail_no,TF-27
47479266,pwa_sail_no,USA-1
29028936,pwa_sail_no,GRE-73
54413222,pwa_sail_no,E-68
97109359,pwa_sail_no,G-801
28880331,pwa_sail_no,J-811
36284059,pwa_sail_no,J-27
98529653,pwa_sail_no,G-45
75358299,pwa_sail_no,E-63
40005410,pwa_sail_no,E-286
92810008,pwa_sail_no,KA-120
91690478,pwa_sail_no,BR-44
20698722,pwa_sail_no,US-25
98845779,pwa_sail_no,KA-191
50167214,pwa_sail_no,AUS-15
24252232,pwa_sail_no,E-174
24542204,pwa_sail_no,E-173
74443723,pwa_sail_no,E-203
41167500,pwa_sail_no,USA-6
45080257,pwa_sail_no,E-45
28875623,pwa_sail_no,FRA-41
73617197,pwa_sail_no,H-69
68633610,pwa_sail_no,E-229
60173336,pwa_sail_no,G-901
55262123,pwa_sail_no,F-67
75717149,pwa_sail_no,F-541
80444651,pwa_sail_no,POL-1111
27595491,pwa_sail_no,US-33
21152273,pwa_sail_no,US-1112
36344329,pwa_sail_no,JPN-29
06419830,pwa_sail_no,J-812
11528887,pwa_sail_no,US-60
75336472,pwa_sail_no,US-60
55367046,pwa_sail_no,D-38
96168795,pwa_sail_no,F-777
85444550,pwa_sail_no,GPE-1
19616971,pwa_sail_no,G-878
67192487,pwa_sail_no,GRE-734
96160346,pwa_sail_no,GER-6
93861421,pwa_sail_no,G-208
04430726,pwa_sail_no,G-31X
12603400,pwa_sail_no,USA-0
81162273,pwa_sail_no,G-3
97551936,pwa_sail_no,D-82
48846458,pwa_sail_no,G-444
54557823,pwa_sail_no,F-293
36327292,pwa_sail_no,E-247
05067286,pwa_sail_no,F-780
90629022,pwa_sail_no,K-90
78499539,pwa_sail_no,G-001
11717380,pwa_sail_no,E-528
80248386,pwa_sail_no,G-278
23842828,pwa_sail_no,d-2112
60622915,pwa_sail_no,BRA-105
73835587,pwa_sail_no,E-2
03039295,pwa_sail_no,G-209
34017441,pwa_sail_no,FRA-181
92518375,pwa_sail_no,E-959
72623575,pwa_sail_no,G-31
16800894,pwa_sail_no,CZ-66
48192898,pwa_sail_no,H-999
19527264,pwa_sail_no,E-737
91387733,pwa_sail_no,J-134
84125951,pwa_sail_no,G-984
29456469,pwa_sail_no,ITA-140
83915276,pwa_sail_no,NZL-106
79250824,pwa_sail_no,J-62
71293474,pwa_sail_no,E-255
96833598,pwa_sail_no,E-99
69721950,pwa_sail_no,G-1316
44234861,pwa_sail_no,J-375
35176046,pwa_sail_no,HI-101
16568186,pwa_sail_no,G-103
89507006,pwa_sail_no,J-0
65033232,pwa_sail_no,PR-99
05977818,pwa_sail_no,G-141
63057993,pwa_sail_no,G-584
25119414,pwa_sail_no,F-400
19695418,pwa_sail_no,POL-64
72307947,pwa_sail_no,CHI-18
76580663,pwa_sail_no,ARG-0
00042991,pwa_sail_no,NOR-500
99031284,pwa_sail_no,G-1001
73264264,pwa_sail_no,E-33
62073302,pwa_sail_no,GR-264
26885604,pwa_sail_no,SUI-678
75327739,pwa_sail_no,K-303
32235798,pwa_sail_no,G-44
74882415,pwa_sail_no,ITA-275
57884471,pwa_sail_no,FRA-945
90684371,pwa_sail_no,I-157
36524688,pwa_sail_no,D-22
62247017,pwa_sail_no,V-111
13046910,pwa_sail_no,K-89
14165499,pwa_sail_no,US-785
46999676,pwa_sail_no,J-39
94287722,pwa_sail_no,FRA-655
73194811,pwa_sail_no,I-505
50150236,pwa_sail_no,ARG-54
97781237,pwa_sail_no,NC-6
62627001,pwa_sail_no,GBR-71
57947842,pwa_sail_no,ARU-91
87882335,pwa_sail_no,KA-181
63519981,pwa_sail_no,GER-150
66980491,pwa_sail_no,KC-99
28996492,pwa_sail_no,BEL-90
21849409,pwa_sail_no,DEN-134
02655164,pwa_sail_no,B-5
58681692,pwa_sail_no,CZE-222
23112878,pwa_sail_no,G-303
36008738,pwa_sail_no,SUI-686
26963665,pwa_sail_no,ESP-1010
92711180,pwa_sail_no,G-132
61318893,pwa_sail_no,J-3939
80534142,pwa_sail_no,J-171
51286019,pwa_sail_no,J-20
40196289,pwa_sail_no,J-7
45785497,pwa_sail_no,ISR-216
54663624,pwa_sail_no,URU-1
89533256,pwa_sail_no,F-3
89140810,pwa_sail_no,E-510
97846374,pwa_sail_no,D-36
30266580,pwa_sail_no,ARG-94
61959718,pwa_sail_no,ISR-60
65580515,pwa_sail_no,ISR-13
75639112,pwa_sail_no,GPE-44
71848367,pwa_sail_no,TF-7
08520927,pwa_sail_no,GRE-111
42445693,pwa_sail_no,E-42
41152679,pwa_sail_no,RUS-11
53672750,pwa_sail_no,J-8
53217856,pwa_sail_no,J-100
54317252,pwa_sail_no,JPN-136
38098774,pwa_sail_no,G-21
62321991,pwa_sail_no,E-11
43182156,pwa_sail_no,E-334
11257516,pwa_sail_no,GPE-99
90984440,pwa_sail_no,AWT-3
90984440,pwa_sail_no,ES-101
90984440,pwa_sail_no,MEX-2
90984440,pwa_sail_no,USA-62
90984440,pwa_sail_no,E-1
90984440,pwa_sail_no,E-67
90984440,pwa_sail_no,F-192
90984440,pwa_sail_no,AUS-0
90984440,pwa_sail_no,E-0
90984440,pwa_sail_no,E-41
90984440,pwa_sail_no,JPN-60
90984440,pwa_sail_no,JPN-311
90984440,pwa_sail_no,CV-1
90984440,pwa_sail_no,ESP-16
90984440,pwa_sail_no,CRO-30
90984440,pwa_sail_no,FRA-848
90984440,pwa_sail_no,FRA-444
90984440,pwa_sail_no,F-111
90984440,pwa_sail_no,J-25
90984440,pwa_sail_no,F-18
90984440,pwa_sail_no,FRA-818
90984440,pwa_sail_no,GER-2
90984440,pwa_sail_no,FRA-2
90984440,pwa_sail_no,H-131
90984440,pwa_sail_no,NC-57
90984440,pwa_sail_no,F-712
90984440,pwa_sail_no,NED-9
90984440,pwa_sail_no,K-66
90984440,pwa_sail_no,ESP-192
90984440,pwa_sail_no,ISR-7
90984440,pwa_sail_no,ITA-613
90984440,pwa_sail_no,NC-939
90984440,pwa_sail_no,ITA-215
90984440,pwa_sail_no,ESP-844
90984440,pwa_sail_no,GBR-48
90984440,pwa_sail_no,US-333
90984440,pwa_sail_no,USA-07
90984440,pwa_sail_no,PER-50
90984440,pwa_sail_no,GER-277
90984440,pwa_sail_no,H-87
90984440,pwa_sail_no,G-888
90984440,pwa_sail_no,DR-1
90984440,pwa_sail_no,F-81
90984440,pwa_sail_no,ITA-17
90984440,pwa_sail_no,ITA-60
90984440,pwa_sail_no,ITA-38
90984440,pwa_sail_no,F-29
90984440,pwa_sail_no,POR-78
90984440,pwa_sail_no,ITA-181
90984440,pwa_sail_no,ITA-188
90984440,pwa_sail_no,ITA-185
90984440,pwa_sail_no,NC-129
90984440,pwa_sail_no,NZL-50
90984440,pwa_sail_no,NB-82
90984440,pwa_sail_no,AWT-1
90984440,pwa_sail_no,DEN-20
90984440,pwa_sail_no,NC-2
90984440,pwa_sail_no,FIN-6
90984440,pwa_sail_no,GBR-10
90984440,pwa_sail_no,G-315
90984440,pwa_sail_no,FRA-477
90984440,pwa_sail_no,DEN-135
90984440,pwa_sail_no,FRA-6
90984440,pwa_sail_no,TAH-22
90984440,pwa_sail_no,TAH-2
90984440,pwa_sail_no,FRA-91
90984440,pwa_sail_no,E-141
90984440,pwa_sail_no,GER-29
90984440,pwa_sail_no,PER-20
90984440,pwa_sail_no,NED-52
90984440,pwa_sail_no,NC-44
90984440,pwa_sail_no,FRA-1173
90984440,pwa_sail_no,FRA-673
90984440,pwa_sail_no,BUL-204
90984440,pwa_sail_no,FRA-823
90984440,pwa_sail_no,Cro-76
90984440,pwa_sail_no,FRA-529
90984440,pwa_sail_no,CRO-134
90984440,pwa_sail_no,BRA-6
90984440,pwa_sail_no,POL-10
90984440,pwa_sail_no,CRO-14
90984440,pwa_sail_no,G-36
90984440,pwa_sail_no,USA-34
90984440,pwa_sail_no,B-16
90984440,pwa_sail_no,NC-65
90984440,pwa_sail_no,ESP-77
90984440,pwa_sail_no,I-333
90984440,pwa_sail_no,NZL-252
90984440,pwa_sail_no,FRA-213
90984440,pwa_sail_no,F-04
90984440,pwa_sail_no,POR-104
90984440,pwa_sail_no,E-40
90984440,pwa_sail_no,CZE-48
90984440,pwa_sail_no,FRA-422
90984440,pwa_sail_no,FRA-360
90984440,pwa_sail_no,RUS-17
90984440,pwa_sail_no,K-540
90984440,pwa_sail_no,AUS-558
90984440,pwa_sail_no,SVK-70
90984440,pwa_sail_no,GRE-374
90984440,pwa_sail_no,KR-630
90984440,pwa_sail_no,ITA-96
90984440,pwa_sail_no,POR-181
90984440,pwa_sail_no,IND-3
90984440,pwa_sail_no,FRA-89
90984440,pwa_sail_no,SUI-2
90984440,pwa_sail_no,ARG-3
90984440,pwa_sail_no,AUS-420
90984440,pwa_sail_no,FRA-70
90984440,pwa_sail_no,NC-91
90984440,pwa_sail_no,FRA-752
90984440,pwa_sail_no,FRA-775
90984440,pwa_sail_no,NZL-1
90984440,pwa_sail_no,AUS-444
90984440,pwa_sail_no,I-1
90984440,pwa_sail_no,ISR-1
90984440,pwa_sail_no,ITA-465
90984440,pwa_sail_no,NED-191
90984440,pwa_sail_no,GER-66
90984440,pwa_sail_no,ITA-2501
90984440,pwa_sail_no,FRA-203
90984440,pwa_sail_no,E-279
90984440,pwa_sail_no,NC-150
90984440,pwa_sail_no,NED-16
90984440,pwa_sail_no,NB-46
90984440,pwa_sail_no,ESP-441
90984440,pwa_sail_no,BRA-204
90984440,pwa_sail_no,BRA-840
90984440,pwa_sail_no,CUR-45
90984440,pwa_sail_no,FRA-2340
90984440,pwa_sail_no,Bel-96
90984440,pwa_sail_no,POL-200
90984440,pwa_sail_no,FRA-96
90984440,pwa_sail_no,ITA-315
90984440,pwa_sail_no,TUR-204
90984440,pwa_sail_no,F-235
90984440,pwa_sail_no,ITA-37
90984440,pwa_sail_no,ITA-87
90984440,pwa_sail_no,V-34
90984440,pwa_sail_no,ISV-11
90984440,pwa_sail_no,SUI-20
90984440,pwa_sail_no,GBR-659
90984440,pwa_sail_no,TUR-5727
90984440,pwa_sail_no,FRA-1508
90984440,pwa_sail_no,CZE-63
90984440,pwa_sail_no,F-972
90984440,pwa_sail_no,F-549
90984440,pwa_sail_no,F-306
90984440,pwa_sail_no,G-414
90984440,pwa_sail_no,K-101
90984440,pwa_sail_no,GER-219
90984440,pwa_sail_no,GER-369
90984440,pwa_sail_no,TUR-571
90984440,pwa_sail_no,GER-33
90984440,pwa_sail_no,SLO-51
90984440,pwa_sail_no,G-200
90984440,pwa_sail_no,F-79
90984440,pwa_sail_no,V-10
90984440,pwa_sail_no,CUR-2
90984440,pwa_sail_no,ISR-21
90984440,pwa_sail_no,BEL-250
90984440,pwa_sail_no,ITA-30
90984440,pwa_sail_no,ITA-991
90984440,pwa_sail_no,GBR-426
90984440,pwa_sail_no,FRA-868
90984440,pwa_sail_no,FRA-73
90984440,pwa_sail_no,ITA-111
90984440,pwa_sail_no,ESP-651
90984440,pwa_sail_no,NC-2703
90984440,pwa_sail_no,ITA-86
90984440,pwa_sail_no,ITA-2111
90984440,pwa_sail_no,NED-2411
90984440,pwa_sail_no,ESP-260
90984440,pwa_sail_no,F-59
90984440,pwa_sail_no,PH-013
90984440,pwa_sail_no,COL-19
90984440,pwa_sail_no,BRA-202
90984440,pwa_sail_no,NB-9
90984440,pwa_sail_no,NB-7
90984440,pwa_sail_no,V-26
90984440,pwa_sail_no,E-714
90984440,pwa_sail_no,J-394
90984440,pwa_sail_no,JPN-725
90984440,pwa_sail_no,ITA-221
90984440,pwa_sail_no,ESP-86
90984440,pwa_sail_no,ITA-345
90984440,pwa_sail_no,ISR-83
90984440,pwa_sail_no,FRA-1111
90984440,pwa_sail_no,H-60
90984440,pwa_sail_no,FRA-152
90984440,pwa_sail_no,isr-44
90984440,pwa_sail_no,PWA-2
90984440,pwa_sail_no,GBR-96
90984440,pwa_sail_no,CUR-28
90984440,pwa_sail_no,NC-888
90984440,pwa_sail_no,CAN-17
90984440,pwa_sail_no,JPN-1
90984440,pwa_sail_no,J-850
90984440,pwa_sail_no,FRA-03
90984440,pwa_sail_no,F-465
90984440,pwa_sail_no,NC-1208
90984440,pwa_sail_no,AUS-533
90984440,pwa_sail_no,K-468
90984440,pwa_sail_no,B-292
90984440,pwa_sail_no,F-849
90984440,pwa_sail_no,V-69
90984440,pwa_sail_no,FRA-904
90984440,pwa_sail_no,FRA-551
90984440,pwa_sail_no,M-3
90984440,pwa_sail_no,F-820
90984440,pwa_sail_no,TUR-767
90984440,pwa_sail_no,G-177
90984440,pwa_sail_no,TAH-253
90984440,pwa_sail_no,S-7
90984440,pwa_sail_no,KC-991
90984440,pwa_sail_no,NB-65
90984440,pwa_sail_no,JPN-127
90984440,pwa_sail_no,JPN-12
90984440,pwa_sail_no,J-299
90984440,pwa_sail_no,G-212
90984440,pwa_sail_no,NB-109
90984440,pwa_sail_no,NC-01
90984440,pwa_sail_no,F-42
90984440,pwa_sail_no,NED-88
90984440,pwa_sail_no,FRA-1112
90984440,pwa_sail_no,K-700
90984440,pwa_sail_no,K-349
90984440,pwa_sail_no,J-11
90984440,pwa_sail_no,AT-123
90984440,pwa_sail_no,NED-223
90984440,pwa_sail_no,E-50
90984440,pwa_sail_no,K-582
90984440,pwa_sail_no,US-16
90984440,pwa_sail_no,FRA-8
90984440,pwa_sail_no,FRA-330
90984440,pwa_sail_no,NED-108
90984440,pwa_sail_no,JPN-5
90984440,pwa_sail_no,JPN-21
90984440,pwa_sail_no,JPN-1919
90984440,pwa_sail_no,TUR-172
90984440,pwa_sail_no,BRA-7
90984440,pwa_sail_no,JPN-35
90984440,pwa_sail_no,IWT-2
90984440,pwa_sail_no,JPN-774
90984440,pwa_sail_no,JPN-91
90984440,pwa_sail_no,JPN-24
90984440,pwa_sail_no,NC-498
90984440,pwa_sail_no,FRA-491
90984440,pwa_sail_no,SUI-14
90984440,pwa_sail_no,DEN-64
90984440,pwa_sail_no,FRA-3
90984440,pwa_sail_no,LTU-7
90984440,pwa_sail_no,H-120
90984440,pwa_sail_no,DEN-15
90984440,pwa_sail_no,Fra-767
90984440,pwa_sail_no,FRA-902
90984440,pwa_sail_no,E-12
90984440,pwa_sail_no,CRO-90
90984440,pwa_sail_no,FRA-985
90984440,pwa_sail_no,FRA-1052
90984440,pwa_sail_no,CZE-724
90984440,pwa_sail_no,ISR-365
90984440,pwa_sail_no,PHI-420
90984440,pwa_sail_no,EST-24
90984440,pwa_sail_no,JPN-28
90984440,pwa_sail_no,JPN-16
90984440,pwa_sail_no,JPN-63
90984440,pwa_sail_no,JPN-52
90984440,pwa_sail_no,CRO-51
90984440,pwa_sail_no,HKG-4002
90984440,pwa_sail_no,K-694
90984440,pwa_sail_no,H-242
90984440,pwa_sail_no,JPN-6
90984440,pwa_sail_no,NC-42
90984440,pwa_sail_no,D-83
90984440,pwa_sail_no,KOR-37
90984440,pwa_sail_no,KOR-021
90984440,pwa_sail_no,GBR-427
90984440,pwa_sail_no,JPN-84
90984440,pwa_sail_no,EST-347
90984440,pwa_sail_no,NB-31
90984440,pwa_sail_no,J-99
90984440,pwa_sail_no,JPN-40
90984440,pwa_sail_no,JPN-18
90984440,pwa_sail_no,NED-99
90984440,pwa_sail_no,GER-220
90984440,pwa_sail_no,DEN-24
90984440,pwa_sail_no,NED-195
90984440,pwa_sail_no,SLO-9
90984440,pwa_sail_no,POL-288
90984440,pwa_sail_no,JPN-57
90984440,pwa_sail_no,BUL-131
90984440,pwa_sail_no,TUR-75
90984440,pwa_sail_no,J-165
90984440,pwa_sail_no,JPN-9
90984440,pwa_sail_no,GER-69
90984440,pwa_sail_no,JPN-22
90984440,pwa_sail_no,JPN-54
90984440,pwa_sail_no,JPN-33
90984440,pwa_sail_no,HKG-3
90984440,pwa_sail_no,GRE-6666
90984440,pwa_sail_no,G-171
90984440,pwa_sail_no,HKG-0
90984440,pwa_sail_no,AUT-66
90984440,pwa_sail_no,G-1515
90984440,pwa_sail_no,G-1
90984440,pwa_sail_no,CYP-1
90984440,pwa_sail_no,DEN-11
90984440,pwa_sail_no,NC-534
90984440,pwa_sail_no,FRA-534
90984440,pwa_sail_no,G-93
90984440,pwa_sail_no,F-605
90984440,pwa_sail_no,KO-211
90984440,pwa_sail_no,KO-2
90984440,pwa_sail_no,F-171
90984440,pwa_sail_no,NC-815
90984440,pwa_sail_no,NC-101
90984440,pwa_sail_no,POL-770
90984440,pwa_sail_no,K-516
90984440,pwa_sail_no,FRA-452
90984440,pwa_sail_no,DEN-291
90984440,pwa_sail_no,KOR-033
90984440,pwa_sail_no,NOR-66
90984440,pwa_sail_no,HI-1001
90984440,pwa_sail_no,ITA-5084
90984440,pwa_sail_no,E-513
90984440,pwa_sail_no,FRA-113
90984440,pwa_sail_no,F-128
90984440,pwa_sail_no,I-420
90984440,pwa_sail_no,G-2626
90984440,pwa_sail_no,ESP-100
90984440,pwa_sail_no,CZE-109
90984440,pwa_sail_no,ITA-988
90984440,pwa_sail_no,ITA-312
90984440,pwa_sail_no,CRO-401
90984440,pwa_sail_no,ESP-71
90984440,pwa_sail_no,ITA-160
90984440,pwa_sail_no,FRA-07
90984440,pwa_sail_no,JPN-97
90984440,pwa_sail_no,NC-62
90984440,pwa_sail_no,FRA-997
90984440,pwa_sail_no,OE-9
90984440,pwa_sail_no,CRO-211
90984440,pwa_sail_no,KV-11
90984440,pwa_sail_no,AUS-7
90984440,pwa_sail_no,NZL-121
90984440,pwa_sail_no,THA-1
90984440,pwa_sail_no,H-221
90984440,pwa_sail_no,ISR-91
90984440,pwa_sail_no,F-159
90984440,pwa_sail_no,FRA-1159
90984440,pwa_sail_no,US-505
90984440,pwa_sail_no,H-79
90984440,pwa_sail_no,NC-16
90984440,pwa_sail_no,ITA-9114
90984440,pwa_sail_no,ITA-206
90984440,pwa_sail_no,EST-127
90984440,pwa_sail_no,JPN-88
90984440,pwa_sail_no,DEN-85
90984440,pwa_sail_no,POL-25
90984440,pwa_sail_no,POL-510
90984440,pwa_sail_no,ITA-55
90984440,pwa_sail_no,POL-56
90984440,pwa_sail_no,T-1000
90984440,pwa_sail_no,F-14
90984440,pwa_sail_no,FRA-118
90984440,pwa_sail_no,H-622
90984440,pwa_sail_no,EST-21
90984440,pwa_sail_no,POR-176
90984440,pwa_sail_no,F-71
90984440,pwa_sail_no,NOR-41
90984440,pwa_sail_no,NED-92
90984440,pwa_sail_no,SUI-21
90984440,pwa_sail_no,E-30
90984440,pwa_sail_no,JPN-77
90984440,pwa_sail_no,US-1111
90984440,pwa_sail_no,JPN-121
90984440,pwa_sail_no,JPN-4501
90984440,pwa_sail_no,JPN-450
90984440,pwa_sail_no,POR-66
90984440,pwa_sail_no,JPN-4
90984440,pwa_sail_no,J-700
90984440,pwa_sail_no,JPN-241
90984440,pwa_sail_no,FRA-57
90984440,pwa_sail_no,DEN-431
90984440,pwa_sail_no,AUS-120
90984440,pwa_sail_no,JPN-1117
90984440,pwa_sail_no,E-211
90984440,pwa_sail_no,JPN-94
90984440,pwa_sail_no,NMI-1
90984440,pwa_sail_no,NOR-39
90984440,pwa_sail_no,NOR-49
90984440,pwa_sail_no,NOR-29
90984440,pwa_sail_no,FRA-755
90984440,pwa_sail_no,ITA-117
90984440,pwa_sail_no,J-10
90984440,pwa_sail_no,POL-1819
90984440,pwa_sail_no,KOR-019
90984440,pwa_sail_no,G-2
90984440,pwa_sail_no,E-201
90984440,pwa_sail_no,ITA-636
90984440,pwa_sail_no,ITA-139
90984440,pwa_sail_no,E-72
90984440,pwa_sail_no,V-04
90984440,pwa_sail_no,GER-707
90984440,pwa_sail_no,GER-1999
90984440,pwa_sail_no,Isr-2
90984440,pwa_sail_no,Cro-144
90984440,pwa_sail_no,K-67
90984440,pwa_sail_no,FRA-633
90984440,pwa_sail_no,CZE-289
90984440,pwa_sail_no,SUI-500
90984440,pwa_sail_no,CRO-1
90984440,pwa_sail_no,GER-730
90984440,pwa_sail_no,POL-42
90984440,pwa_sail_no,KA-1111
90984440,pwa_sail_no,NC-72
90984440,pwa_sail_no,AUT-30
90984440,pwa_sail_no,ISR-16
90984440,pwa_sail_no,GRE-137
90984440,pwa_sail_no,AUT-61
90984440,pwa_sail_no,DEN-80
90984440,pwa_sail_no,NC-76
90984440,pwa_sail_no,BRA-16
90984440,pwa_sail_no,GER-7
90984440,pwa_sail_no,US-10
90984440,pwa_sail_no,US-3
90984440,pwa_sail_no,EST-1
90984440,pwa_sail_no,SXM-421
90984440,pwa_sail_no,FRA-99
90984440,pwa_sail_no,E-28
90984440,pwa_sail_no,GER-200
90984440,pwa_sail_no,M-5
90984440,pwa_sail_no,E-244
90984440,pwa_sail_no,14
90984440,pwa_sail_no,CZE-77
90984440,pwa_sail_no,FIN-13
90984440,pwa_sail_no,GBR-248
90984440,pwa_sail_no,GBR-577
90984440,pwa_sail_no,H-98
90984440,pwa_sail_no,ISR-351
90984440,pwa_sail_no,GER-777
90984440,pwa_sail_no,F-456
90984440,pwa_sail_no,FRA-3150
90984440,pwa_sail_no,AUT-32
90984440,pwa_sail_no,AUT-7
90984440,pwa_sail_no,JPN-332
90984440,pwa_sail_no,ITA-451
90984440,pwa_sail_no,E-889
90984440,pwa_sail_no,ITA-0
90984440,pwa_sail_no,FRA-309
90984440,pwa_sail_no,NC-40
90984440,pwa_sail_no,NC-1
90984440,pwa_sail_no,K-20
90984440,pwa_sail_no,GER-190
90984440,pwa_sail_no,POL-23
90984440,pwa_sail_no,NOR-43
90984440,pwa_sail_no,S-313
90984440,pwa_sail_no,JPN-71
90984440,pwa_sail_no,UKR-8
90984440,pwa_sail_no,JPN-58
90984440,pwa_sail_no,THA-7
90984440,pwa_sail_no,ESP-666
90984440,pwa_sail_no,SUI-130
90984440,pwa_sail_no,CAT-555
90984440,pwa_sail_no,CAT-111
90984440,pwa_sail_no,GUM-97
90984440,pwa_sail_no,NB-11
90984440,pwa_sail_no,POL-2502
90984440,pwa_sail_no,ITA-353
90984440,pwa_sail_no,DEN-611
90984440,pwa_sail_no,H-311
90984440,pwa_sail_no,US-255
90984440,pwa_sail_no,AUT-311
90984440,pwa_sail_no,NB-12
90984440,pwa_sail_no,HI-11
90984440,pwa_sail_no,BRA-253
90984440,pwa_sail_no,D-68
90984440,pwa_sail_no,CRO-133
90984440,pwa_sail_no,AUT-707
90984440,pwa_sail_no,RUS-6
90984440,pwa_sail_no,UKR-29
90984440,pwa_sail_no,HUN-50
90984440,pwa_sail_no,K-72
90984440,pwa_sail_no,SWE-45
90984440,pwa_sail_no,N-50
90984440,pwa_sail_no,K-57
90984440,pwa_sail_no,DEN-37
90984440,pwa_sail_no,CAN-901
90984440,pwa_sail_no,CAN-9
90984440,pwa_sail_no,D-107
90984440,pwa_sail_no,SWE-333
90984440,pwa_sail_no,GRE-198
90984440,pwa_sail_no,PER-8
90984440,pwa_sail_no,BRA-250
90984440,pwa_sail_no,TUR-102
90984440,pwa_sail_no,AUS-69
90984440,pwa_sail_no,SUI-19
90984440,pwa_sail_no,GBR-68
90984440,pwa_sail_no,POL-1
90984440,pwa_sail_no,GER-799
90984440,pwa_sail_no,GER-127
90984440,pwa_sail_no,GER-772
90984440,pwa_sail_no,I-662
90984440,pwa_sail_no,ITA-180
90984440,pwa_sail_no,NED-450
90984440,pwa_sail_no,JPN-470
90984440,pwa_sail_no,J-85
90984440,pwa_sail_no,JPN-61
90984440,pwa_sail_no,JPN-498
90984440,pwa_sail_no,JPN-3103
90984440,pwa_sail_no,CRO-18
90984440,pwa_sail_no,NOR-126
90984440,pwa_sail_no,CZE-89
90984440,pwa_sail_no,HUN-55
90984440,pwa_sail_no,F-100
90984440,pwa_sail_no,JPN-75
90984440,pwa_sail_no,NED-465
90984440,pwa_sail_no,JPN-562
90984440,pwa_sail_no,SGP-1
90984440,pwa_sail_no,TUR-715
90984440,pwa_sail_no,ITA-7355
90984440,pwa_sail_no,ISR-930
90984440,pwa_sail_no,GER-148
90984440,pwa_sail_no,F-2000
90984440,pwa_sail_no,ITA-261
90984440,pwa_sail_no,ITA-156
90984440,pwa_sail_no,F-888
90984440,pwa_sail_no,NB-61
90984440,pwa_sail_no,DEN-171
90984440,pwa_sail_no,ISR-3
90984440,pwa_sail_no,FRA-39
90984440,pwa_sail_no,JPN-11
90984440,pwa_sail_no,TUR-115
90984440,pwa_sail_no,ISR-14
90984440,pwa_sail_no,F-916
90984440,pwa_sail_no,K-936
90984440,pwa_sail_no,RUS-218
90984440,pwa_sail_no,POL-344
90984440,pwa_sail_no,TUR-753
90984440,pwa_sail_no,SWE-404
90984440,pwa_sail_no,GRE-17
90984440,pwa_sail_no,ita-304
90984440,pwa_sail_no,TUR-165
90984440,pwa_sail_no,TUR-773
90984440,pwa_sail_no,RUS-77
90984440,pwa_sail_no,EST-212
90984440,pwa_sail_no,EST-14
90984440,pwa_sail_no,B-72
90984440,pwa_sail_no,NED-737
90984440,pwa_sail_no,NED-184
90984440,pwa_sail_no,NED-246
90984440,pwa_sail_no,NED-352
90984440,pwa_sail_no,NED-57
90984440,pwa_sail_no,NED-225
90984440,pwa_sail_no,NED-2251
90984440,pwa_sail_no,H-102
90984440,pwa_sail_no,NED-703
90984440,pwa_sail_no,H-73
90984440,pwa_sail_no,NED-55
90984440,pwa_sail_no,NED-8
90984440,pwa_sail_no,NED-2
90984440,pwa_sail_no,SA-89
90984440,pwa_sail_no,BEL-26
90984440,pwa_sail_no,ISR-30
90984440,pwa_sail_no,TUR-477
90984440,pwa_sail_no,FRA-1090
90984440,pwa_sail_no,AUS-071
90984440,pwa_sail_no,NED-198
90984440,pwa_sail_no,NED-127
90984440,pwa_sail_no,SLO-5
90984440,pwa_sail_no,NC-106
90984440,pwa_sail_no,EST-217
90984440,pwa_sail_no,I-205
90984440,pwa_sail_no,DEN-7777
90984440,pwa_sail_no,F-210
90984440,pwa_sail_no,G-4
90984440,pwa_sail_no,G-131
90984440,pwa_sail_no,NED-69
90984440,pwa_sail_no,NB-20
90984440,pwa_sail_no,NC-75
90984440,pwa_sail_no,GER-68
90984440,pwa_sail_no,US-69
90984440,pwa_sail_no,FRA-531
90984440,pwa_sail_no,NB-16
90984440,pwa_sail_no,CHN- 271
90984440,pwa_sail_no,NED-33
90984440,pwa_sail_no,N-14
90984440,pwa_sail_no,ARU-8
90984440,pwa_sail_no,ARU-4
90984440,pwa_sail_no,G-2111
90984440,pwa_sail_no,FRA-1077
90984440,pwa_sail_no,GBR-83
90984440,pwa_sail_no,ISR-24
90984440,pwa_sail_no,GER-404
90984440,pwa_sail_no,GBR-58
90984440,pwa_sail_no,SUI-13
90984440,pwa_sail_no,ISR-02
90984440,pwa_sail_no,TUR-466
90984440,pwa_sail_no,JPN-31
90984440,pwa_sail_no,JPN-67
90984440,pwa_sail_no,JPN-317
90984440,pwa_sail_no,TAH-987
90984440,pwa_sail_no,RUS-07
90984440,pwa_sail_no,CZE-777
90984440,pwa_sail_no,ESP-17
90984440,pwa_sail_no,I-908
90984440,pwa_sail_no,NED-180
